Iteration,GMRES+ILU0,BiCGSTAB,GMRES,CG,BiCGSTAB+ILU0
1,0.836447253914558,0.022352989221605588,0.10210387428038034,0.10396159353782014,1.4701256851810182e-5
2,0.019652042650166648,0.00561495102219324,0.05252056315473205,0.061356379048068316,6.769584062758388e-11
3,0.00046854036729602973,0.0019264823091045536,0.031243360684282056,0.03905493121257208,3.899698318322064e-18
4,1.1188463289044816e-5,0.0008697365424043571,0.022007217523832407,0.031121151285619694,
5,2.7312028357000354e-7,0.0006050226385035095,0.01547638236275218,0.02190722990797949,
6,6.466647688573303e-9,0.000401123336722507,0.010691888271057296,0.014959045150030291,
7,1.5652595079492652e-10,0.00018704009589677636,0.00747438491262779,0.010663594133263574,
8,3.747519890133431e-12,6.597574275310803e-5,0.005020782109214093,0.006983580377661171,
9,9.050072671617559e-14,1.691842467565781e-5,0.0036164144339963836,0.0053843087256153985,
10,3.5379271680667125e-15,4.0047587491623884e-6,0.0027109139751996083,0.00427004097012118,
11,2.755550892011894e-15,1.0769188016110116e-6,0.002015368326384069,0.0032524400064331415,
12,,2.4880331233223105e-7,0.0014639662463432448,0.0023119032058734044,
13,,6.431130461338705e-8,0.0010991631895078211,0.0018810226061227783,
14,,1.492312710482498e-8,0.0009065794816930459,0.00176037840742419,
15,,4.118219884323145e-9,0.0007982449762230035,0.0017601233712082915,
16,,1.1565061803513862e-9,0.0007293209166292955,0.00185988974743367,
17,,3.050382040915646e-10,0.0006463612445821184,0.0016711580888280966,
18,,7.703146513128781e-11,0.0005472748991507036,0.001233109917145423,
19,,1.9958728547849705e-11,0.00047779906587720755,0.0012339691653044246,
20,,3.768653219633367e-12,0.00040310837262978803,0.0010863282576015964,
21,,8.526270925578811e-13,0.0003630704669162253,0.0009470499041707131,
22,,1.393459411610624e-13,0.0003166525669858051,0.0007732157264554653,
23,,2.6208217987022034e-14,0.000271537722880003,0.0005319369464837033,
24,,5.170261392158461e-15,0.00023529080760680544,0.00046520103600868176,
25,,3.8934197033650748e-16,0.00021249431683562417,0.000363887448624311,
26,,3.135669769711181e-17,0.00018461868005687559,0.00033062328163667703,
27,,,0.00015671387864832505,0.00031668528885278065,
28,,,0.00012325505887739697,0.0002690825534305219,
29,,,0.00010104290846848155,0.00022782152572612324,
30,,,7.727502907079813e-5,0.00020325935096223753,
31,,,5.555698424171215e-5,0.000189051042816412,
32,,,3.5157413887381496e-5,0.00017894972193799568,
33,,,2.420673772189371e-5,0.00018655061535309973,
34,,,1.843196665789598e-5,0.0001924454616254602,
35,,,1.3296024355675308e-5,0.00017766619084298255,
36,,,8.612878851286652e-6,0.00016327765526502743,
37,,,5.0053543321962324e-6,0.00015411498675632954,
38,,,3.031875822974428e-6,0.0001479955063076888,
39,,,2.1296584231537007e-6,0.00014285441944151287,
40,,,1.2595303657985078e-6,0.00014447618657981347,
41,,,9.562456531193196e-7,0.00015234930314396964,
42,,,7.006176877647359e-7,0.00015301793986058313,
43,,,4.872128845774259e-7,0.00014702400971471684,
44,,,3.2148986059167864e-7,0.00014298138606393167,
45,,,1.9984661953212134e-7,0.00013694742557888263,
46,,,1.3899909878943836e-7,0.00012640493451511188,
47,,,9.405392839041183e-8,0.00011749870139357043,
48,,,6.747296932500948e-8,0.00011294097188762307,
49,,,4.43301438795723e-8,0.00011082127141345935,
50,,,2.887135163657705e-8,0.0001103121490302664,
51,,,2.0373643662542544e-8,0.00011160076210057801,
52,,,1.4455932188276343e-8,0.00011361091144912739,
53,,,9.242820402417522e-9,0.0001146041469547544,
54,,,5.906896951257642e-9,0.0001134364158881719,
55,,,3.995360706400535e-9,0.00010976365737560783,
56,,,2.911451704228789e-9,0.00010432465721022873,
57,,,1.8934558385884976e-9,9.888944465417617e-5,
58,,,1.2712284832913713e-9,9.498784933810568e-5,
59,,,7.981664890010657e-10,9.284754674464972e-5,
60,,,6.628099712836379e-10,9.175992428328539e-5,
61,,,5.952831941276939e-10,9.117652835134416e-5,
62,,,5.214145516152259e-10,9.115824399628566e-5,
63,,,4.685783369475737e-10,9.186360251395184e-5,
64,,,4.1448859183350617e-10,9.30997110719073e-5,
65,,,3.7146051948174717e-10,9.457629954092704e-5,
66,,,3.1416983544769993e-10,9.627190832288299e-5,
67,,,2.631994470186635e-10,9.821764481085778e-5,
68,,,2.0805933413364894e-10,9.999773093080697e-5,
69,,,1.6034821497776774e-10,0.00010075793576160125,
70,,,1.0785094379930823e-10,9.990975186037551e-5,
71,,,7.48602467132106e-11,9.778422307073202e-5,
72,,,5.3992733427296256e-11,9.542873385354454e-5,
73,,,3.455461346132043e-11,9.378882851855395e-5,
74,,,2.314842430756982e-11,9.312623244671947e-5,
75,,,1.584889844314283e-11,9.305522069147618e-5,
76,,,1.072654196718398e-11,9.301638329406107e-5,
77,,,6.910525618574198e-12,9.278345665918908e-5,
78,,,4.3102264669273835e-12,9.262315472765313e-5,
79,,,3.07593727846056e-12,9.304006821580635e-5,
80,,,1.9718789376690543e-12,9.438395485188804e-5,
81,,,1.5032840879874509e-12,9.661419073437523e-5,
82,,,1.133974429798285e-12,9.93139087060559e-5,
83,,,7.606136834045301e-13,0.00010189053399260633,
84,,,5.241673322331238e-13,0.00010383041240879174,
85,,,3.4468672254960643e-13,0.0001048680631790806,
86,,,2.3371959143903327e-13,0.00010500525500394065,
87,,,1.4755544065427782e-13,0.00010442424733074252,
88,,,1.0270775545578118e-13,0.00010338241093983458,
89,,,7.807954126854801e-14,0.00010213667900322802,
90,,,5.719370356367245e-14,0.00010089632296496763,
91,,,4.3723063863860505e-14,9.979017699976927e-5,
92,,,3.552022709117772e-14,9.88494213271049e-5,
93,,,2.9636820508949035e-14,9.801902117108174e-5,
94,,,2.6045189197663374e-14,9.72044526760104e-5,
95,,,2.3005696988874647e-14,9.63397083710813e-5,
96,,,2.0296656512643978e-14,9.544382701248291e-5,
97,,,1.7862320249987182e-14,9.463375859360166e-5,
98,,,1.5553668874542644e-14,9.408506761771293e-5,
99,,,1.2011955003190372e-14,9.39616933765846e-5,
100,,,9.962181886832948e-15,9.43497005943635e-5,
101,,,8.439800646054027e-15,9.522269913264313e-5,
102,,,6.7037681750804985e-15,9.644953501815222e-5,
103,,,5.818905371455597e-15,9.783830368793552e-5,
104,,,5.086352778976768e-15,9.919769427195241e-5,
105,,,4.505600270983274e-15,0.00010038965529555502,
106,,,3.948560683795557e-15,0.00010135171550662507,
107,,,3.493884671526246e-15,0.0001020837124640147,
108,,,3.02285078841381e-15,0.00010261257744640678,
109,,,2.519022629429795e-15,0.00010295764282595251,
110,,,1.8450300799811615e-15,0.00010311379285487188,
111,,,1.3655971705324638e-15,0.00010305683276466854,
112,,,1.0416714826135336e-15,0.00010276341535344954,
113,,,6.932130438080629e-16,0.00010223215930576764,
114,,,4.697745983599572e-16,0.00010149441525026313,
115,,,3.1900942299985973e-16,0.00010061026814050597,
116,,,2.1044346912582841e-16,9.965340941020556e-5,
117,,,1.461989087447498e-16,9.869323262324147e-5,
118,,,1.0147285904056093e-16,9.77822523255381e-5,
119,,,,9.695305623555814e-5,
120,,,,9.622414429439943e-5,
121,,,,9.561039091050812e-5,
122,,,,9.513256571917953e-5,
123,,,,9.482142295863289e-5,
124,,,,9.47145773261535e-5,
125,,,,9.484745793183851e-5,
126,,,,9.524182251137308e-5,
127,,,,9.589597281968317e-5,
128,,,,9.678004878754218e-5,
129,,,,9.783812184065193e-5,
130,,,,9.89967888378386e-5,
131,,,,0.00010017802149292775,
132,,,,0.0001013126339489211,
133,,,,0.00010235044392208512,
134,,,,0.00010326433106629935,
135,,,,0.00010404762380909898,
136,,,,0.0001047066304785031,
137,,,,0.00010525161933147394,
138,,,,0.00010568960451677156,
139,,,,0.00010602110485689006,
140,,,,0.00010624127942235036,
141,,,,0.00010634423572310585,
142,,,,0.00010632836214150856,
143,,,,0.0001062004594316216,
144,,,,0.00010597714287972347,
145,,,,0.00010568312357978064,
146,,,,0.00010534710526070192,
147,,,,0.00010499676390125774,
148,,,,0.00010465442762084905,
149,,,,0.00010433469694229055,
150,,,,0.00010404454969686806,
151,,,,0.00010378570994810283,
152,,,,0.00010355843541897564,
153,,,,0.00010336553231592017,
154,,,,0.00010321540321839179,
155,,,,0.00010312325228777968,
156,,,,0.00010311010644778988,
157,,,,0.00010319989565232328,
158,,,,0.0001034153016653544,
159,,,,0.00010377332423663774,
160,,,,0.00010428150696041162,
161,,,,0.00010493556622858436,
162,,,,0.00010571885781835126,
163,,,,0.00010660376821956921,
164,,,,0.00010755477957140223,
165,,,,0.00010853266369228308,
166,,,,0.00010949905273874031,
167,,,,0.00011042055979940577,
168,,,,0.00011127171986898118,
169,,,,0.00011203628871321598,
170,,,,0.00011270681666463091,
171,,,,0.00011328280405896148,
172,,,,0.00011376803492048832,
173,,,,0.00011416780115280838,
174,,,,0.00011448665690516445,
175,,,,0.00011472712514777345,
176,,,,0.00011488949192306419,
177,,,,0.00011497254831469085,
178,,,,0.00011497493860032736,
179,,,,0.00011489668038355617,
180,,,,0.00011474044420126186,
181,,,,0.00011451229530731998,
182,,,,0.00011422176916578016,
183,,,,0.00011388132677650931,
184,,,,0.00011350537320481825,
185,,,,0.00011310909502035331,
186,,,,0.00011270737282173067,
187,,,,0.00011231396555652278,
188,,,,0.00011194106795215216,
189,,,,0.00011159923876262138,
190,,,,0.00011129761010816245,
191,,,,0.00011104423372795498,
192,,,,0.00011084640593203976,
193,,,,0.0001107108376956578,
194,,,,0.00011064359027735021,
195,,,,0.0001106497654840947,
196,,,,0.00011073300711264761,
197,,,,0.00011089492189788155,
198,,,,0.00011113455486599255,
199,,,,0.0001114480516347542,
200,,,,0.00011182861091866924,
201,,,,0.00011226678064405179,
202,,,,0.0001127510897583309,
203,,,,0.00011326894545541174,
204,,,,0.00011380767273463384,
205,,,,0.00011435553955973265,
206,,,,0.00011490260351343716,
207,,,,0.00011544123778129489,
208,,,,0.00011596624322986987,
209,,,,0.00011647452146093922,
210,,,,0.0001169643590644287,
211,,,,0.0001174344423312574,
212,,,,0.00011788277230418727,
213,,,,0.00011830567386937848,
214,,,,0.0001186970860476507,
215,,,,0.00011904828473237889,
216,,,,0.00011934812853035273,
217,,,,0.0001195838406403073,
218,,,,0.00011974225482488017,
219,,,,0.00011981137360020617,
220,,,,0.00011978202516076572,
221,,,,0.00011964937488867397,
222,,,,0.00011941405624956477,
223,,,,0.00011908273589322842,
224,,,,0.0001186680111893743,
225,,,,0.00011818763938726107,
226,,,,0.00011766319597355912,
227,,,,0.0001171183368437911,
228,,,,0.00011657688227673762,
229,,,,0.00011606094713461581,
230,,,,0.00011558931632150728,
231,,,,0.00011517621764667871,
232,,,,0.00011483058735448781,
233,,,,0.00011455586610892914,
234,,,,0.0001143503109617134,
235,,,,0.00011420776423488395,
236,,,,0.00011411878380039582,
237,,,,0.00011407201113466832,
238,,,,0.00011405563482958256,
239,,,,0.00011405880010096733,
240,,,,0.00011407282172736005,
241,,,,0.00011409208021811011,
242,,,,0.00011411451792035179,
243,,,,0.0001141416992596675,
244,,,,0.00011417845076380988,
245,,,,0.00011423214411892983,
246,,,,0.00011431172214409667,
247,,,,0.00011442658857073351,
248,,,,0.00011458548654656714,
249,,,,0.0001147954797027075,
250,,,,0.00011506112746245903,
251,,,,0.00011538391787707075,
252,,,,0.00011576199108586793,
253,,,,0.00011619015782303713,
254,,,,0.00011666019224935905,
255,,,,0.00011716135777704009,
256,,,,0.00011768110892133343,
257,,,,0.00011820590183599984,
258,,,,0.00011872204138921765,
259,,,,0.00011921649372070877,
260,,,,0.00011967760026460607,
261,,,,0.00012009564179466155,
262,,,,0.00012046321802753563,
263,,,,0.00012077542789959783,
264,,,,0.00012102985553988635,
265,,,,0.00012122638483577765,
266,,,,0.00012136687930772654,
267,,,,0.00012145477244757118,
268,,,,0.00012149461628283513,
269,,,,0.00012149163312366743,
270,,,,0.0001214513083265074,
271,,,,0.00012137905196338033,
272,,,,0.00012127994610990964,
273,,,,0.00012115858349996496,
274,,,,0.00012101899366915884,
275,,,,0.00012086464516905212,
276,,,,0.0001206985073455457,
277,,,,0.00012052315257712125,
278,,,,0.00012034087954576366,
279,,,,0.00012015383967441598,
280,,,,0.00011996415181661701,
281,,,,0.00011977399409635277,
282,,,,0.0001195856659566354,
283,,,,0.0001194016175333343,
284,,,,0.00011922444706983441,
285,,,,0.00011905686998428965,
286,,,,0.00011890166526725363,
287,,,,0.00011876160610273633,
288,,,,0.00011863938203561368,
289,,,,0.00011853751977662257,
290,,,,0.00011845830899617447,
291,,,,0.00011840373836677568,
292,,,,0.00011837544581215232,
293,,,,0.00011837468552382209,
294,,,,0.00011840231289807898,
295,,,,0.00011845878718808381,
296,,,,0.00011854419039993275,
297,,,,0.0001186582598240676,
298,,,,0.0001188004306217424,
299,,,,0.00011896988412523883,
300,,,,0.00011916559701305752,
301,,,,0.0001193863863444644,
302,,,,0.00011963094563433686,
303,,,,0.00011989786775653687,
304,,,,0.00012018565149198509,
305,,,,0.00012049268995876797,
306,,,,0.00012081724090515763,
307,,,,0.00012115738079782264,
308,,,,0.00012151094664431543,
309,,,,0.00012187547137216543,
310,,,,0.00012224812015652848,
311,,,,0.00012262563616074017,
312,,,,0.00012300430456985967,
313,,,,0.0001233799434375331,
314,,,,0.00012374792866732962,
315,,,,0.0001241032584139139,
316,,,,0.00012444065939545831,
317,,,,0.00012475473421573368,
318,,,,0.00012504014504172476,
319,,,,0.0001252918251813453,
320,,,,0.00012550520661910492,
321,,,,0.00012567644877940374,
322,,,,0.00012580265205952822,
323,,,,0.00012588203929756386,
324,,,,0.0001259140894833422,
325,,,,0.0001258996106921089,
326,,,,0.000125840743251013,
327,,,,0.0001257408891978596,
328,,,,0.00012560456968736415,
329,,,,0.00012543721759861393,
330,,,,0.0001252449176573546,
331,,,,0.00012503411044133226,
332,,,,0.00012481127934989113,
333,,,,0.00012458264081438371,
334,,,,0.0001243538576889688,
335,,,,0.00012412979401414762,
336,,,,0.00012391432640657699,
337,,,,0.00012371022346918076,
338,,,,0.00012351910012095506,
339,,,,0.00012334144889292555,
340,,,,0.0001231767452859133,
341,,,,0.00012302361948642027,
342,,,,0.00012288008233823886,
343,,,,0.00012274378972643938,
344,,,,0.00012261232670974153,
345,,,,0.0001224834910874209,
346,,,,0.00012235555581436542,
347,,,,0.0001222274909047836,
348,,,,0.00012209912819004037,
349,,,,0.00012197125636848884,
350,,,,0.00012184563890204352,
351,,,,0.0001217249530453189,
352,,,,0.00012161265413135611,
353,,,,0.00012151277466638388,
354,,,,0.00012142967234755306,
355,,,,0.0001213677444720052,
356,,,,0.00012133112816338047,
357,,,,0.00012132340636839288,
358,,,,0.00012134733876965498,
359,,,,0.00012140463481189674,
360,,,,0.00012149578318237965,
361,,,,0.00012161994856098216,
362,,,,0.00012177494247495363,
363,,,,0.00012195727083805192,
364,,,,0.00012216225637907938,
365,,,,0.00012238422982153145,
366,,,,0.00012261677953412487,
367,,,,0.0001228530456379795,
368,,,,0.00012308604147668242,
369,,,,0.00012330898320097854,
370,,,,0.00012351560725065483,
371,,,,0.0001237004559346371,
372,,,,0.00012385911321060122,
373,,,,0.00012398837609347714,
374,,,,0.00012408635165780686,
375,,,,0.00012415247496705176,
376,,,,0.00012418744897588294,
377,,,,0.00012419311297375398,
378,,,,0.00012417225096159978,
379,,,,0.00012412835506725163,
380,,,,0.000124065361444971,
381,,,,0.00012398737697494338,
382,,,,0.0001238984145450197,
383,,,,0.000123802152953566,
384,,,,0.0001237017347954972,
385,,,,0.00012359961239321614,
386,,,,0.00012349744821117418,
387,,,,0.00012339607251035694,
388,,,,0.0001232954974691092,
389,,,,0.00012319498377974988,
390,,,,0.00012309315294398057,
391,,,,0.00012298813622120745,
392,,,,0.00012287774949992284,
393,,,,0.00012275968231674042,
394,,,,0.00012263168887969054,
395,,,,0.00012249176928038426,
396,,,,0.0001223383300916448,
397,,,,0.00012217031519109236,
398,,,,0.00012198729982879211,
399,,,,0.00012178954352471269,
400,,,,0.0001215780001584526,
401,,,,0.0001213542863968869,
402,,,,0.00012112061219134228,
403,,,,0.00012087967928158554,
404,,,,0.00012063455532622334,
405,,,,0.00012038853234829864,
406,,,,0.00012014497860996484,
407,,,,0.00011990719283626904,
408,,,,0.00011967826896698357,
409,,,,0.00011946097843142949,
410,,,,0.0001192576754359209,
411,,,,0.0001190702290515441,
412,,,,0.00011889998410841164,
413,,,,0.0001187477511437261,
414,,,,0.00011861382400019824,
415,,,,0.00011849802219718379,
416,,,,0.00011839975395365992,
417,,,,0.00011831809477269822,
418,,,,0.00011825187583475227,
419,,,,0.00011819977611616718,
420,,,,0.00011816041216382005,
421,,,,0.00011813241981779512,
422,,,,0.00011811452286654047,
423,,,,0.00011810558460947816,
424,,,,0.00011810463953725381,
425,,,,0.00011811090374782727,
426,,,,0.00011812376421055364,
427,,,,0.00011814274847429813,
428,,,,0.0001181674777917346,
429,,,,0.00011819760780867089,
430,,,,0.00011823276186625147,
431,,,,0.00011827246252597193,
432,,,,0.00011831606711600595,
433,,,,0.00011836271289980957,
434,,,,0.0001184112768952542,
435,,,,0.00011846035445724821,
436,,,,0.00011850825953072491,
437,,,,0.0001185530480523321,
438,,,,0.00011859256441042677,
439,,,,0.0001186245092575711,
440,,,,0.00011864652540915241,
441,,,,0.00011865629716116145,
442,,,,0.00011865165722246097,
443,,,,0.00011863069467515313,
444,,,,0.00011859185702545404,
445,,,,0.00011853403953383298,
446,,,,0.00011845665562885979,
447,,,,0.00011835968328589528,
448,,,,0.00011824368372035323,
449,,,,0.00011810979050025135,
450,,,,0.00011795966909150362,
451,,,,0.00011779544876520159,
452,,,,0.00011761963057332173,
453,,,,0.00011743497660794478,
454,,,,0.00011724438689708977,
455,,,,0.00011705077099125879,
456,,,,0.00011685692153080014,
457,,,,0.00011666539686359556,
458,,,,0.0001164784191441125,
459,,,,0.00011629779334957264,
460,,,,0.0001161248513717241,
461,,,,0.00011596042386478518,
462,,,,0.00011580484093411163,
463,,,,0.00011565796111696552,
464,,,,0.00011551922651485424,
465,,,,0.00011538774046231901,
466,,,,0.00011526236283354277,
467,,,,0.00011514181706609333,
468,,,,0.00011502480228459137,
469,,,,0.00011491010358899266,
470,,,,0.00011479669366794378,
471,,,,0.00011468381941874641,
472,,,,0.00011457106818390784,
473,,,,0.00011445840950008431,
474,,,,0.00011434620981755727,
475,,,,0.00011423521938083372,
476,,,,0.00011412653224086889,
477,,,,0.00011402152206964892,
478,,,,0.00011392175794943743,
479,,,,0.00011382890551233605,
480,,,,0.000113744619639226,
481,,,,0.00011367043535108587,
482,,,,0.0001136076635327398,
483,,,,0.00011355729774039988,
484,,,,0.00011351993760341529,
485,,,,0.0001134957332962081,
486,,,,0.00011348435429598463,
487,,,,0.00011348498422675767,
488,,,,0.00011349634209264924,
489,,,,0.00011351672869535899,
490,,,,0.00011354409558408963,
491,,,,0.00011357613257349341,
492,,,,0.00011361036875851983,
493,,,,0.00011364428112404884,
494,,,,0.00011367540435453712,
495,,,,0.00011370143534387469,
496,,,,0.00011372032621680712,
497,,,,0.00011373036040145314,
498,,,,0.00011373020740571714,
499,,,,0.00011371895338248643,
500,,,,0.00011369610622158603,
501,,,,0.00011366157565846932,
502,,,,0.00011361563060536456,
503,,,,0.00011355883745515653,
504,,,,0.00011349198436068044,
505,,,,0.00011341599735722494,
506,,,,0.00011333185461314283,
507,,,,0.00011324050504040435,
508,,,,0.0001131427969899177,
509,,,,0.00011303942184609712,
510,,,,0.00011293087609986632,
511,,,,0.00011281744401723895,
512,,,,0.00011269920144160687,
513,,,,0.00011257603968555007,
514,,,,0.00011244770699294867,
515,,,,0.00011231386378576388,
516,,,,0.00011217414693850817,
517,,,,0.00011202823771351094,
518,,,,0.00011187592778322826,
519,,,,0.0001117171779752029,
520,,,,0.000111552164983403,
521,,,,0.00011138131224859532,
522,,,,0.00011120530244456191,
523,,,,0.00011102507041894024,
524,,,,0.00011084177691633024,
525,,,,0.00011065676484258071,
526,,,,0.00011047150110510634,
527,,,,0.0001102875080930427,
528,,,,0.00011010628957459037,
529,,,,0.0001099292561460049,
530,,,,0.00010975765535476439,
531,,,,0.00010959251125252811,
532,,,,0.00010943457744843028,
533,,,,0.0001092843067847469,
534,,,,0.00010914183961252946,
535,,,,0.00010900701138007788,
536,,,,0.00010887937894207385,
537,,,,0.00010875826373281921,
538,,,,0.00010864280880240913,
539,,,,0.00010853204576380271,
540,,,,0.00010842496700674847,
541,,,,0.0001083205981531842,
542,,,,0.00010821806569175828,
543,,,,0.00010811665504759343,
544,,,,0.00010801585500251329,
545,,,,0.00010791538533880287,
546,,,,0.00010781520576895362,
547,,,,0.00010771550554696495,
548,,,,0.00010761667453281942,
549,,,,0.00010751925779623455,
550,,,,0.00010742389700047823,
551,,,,0.00010733126271890512,
552,,,,0.00010724198244502305,
553,,,,0.00010715656932643727,
554,,,,0.00010707535657585371,
555,,,,0.00010699844210513476,
556,,,,0.00010692564722868548,
557,,,,0.00010685649234352162,
558,,,,0.00010679019137938319,
559,,,,0.00010672566559379195,
560,,,,0.00010666157603756455,
561,,,,0.00010659637280983454,
562,,,,0.0001065283581299732,
563,,,,0.00010645575934442895,
564,,,,0.00010637680731958239,
565,,,,0.00010628981529633354,
566,,,,0.00010619325323199813,
567,,,,0.0001060858129440977,
568,,,,0.0001059664599892428,
569,,,,0.00010583446912354678,
570,,,,0.0001056894413388936,
571,,,,0.00010553130177030623,
572,,,,0.00010536027912654594,
573,,,,0.00010517686860481794,
574,,,,0.00010498178140953857,
575,,,,0.00010477588491510628,
576,,,,0.00010456013812430135,
577,,,,0.00010433552733406998,
578,,,,0.00010410300681454708,
579,,,,0.00010386344884936389,
580,,,,0.0001036176067155901,
581,,,,0.00010336609316142428,
582,,,,0.00010310937574602646,
583,,,,0.00010284778912544775,
584,,,,0.00010258156309199904,
585,,,,0.00010231086399032345,
586,,,,0.0001020358461234829,
587,,,,0.000101756708996044,
588,,,,0.00010147375577131052,
589,,,,0.00010118744817875323,
590,,,,0.00010089845330405454,
591,,,,0.00010060767821183456,
592,,,,0.00010031628914963537,
593,,,,0.0001000257130994657,
594,,,,9.973762060258424e-5,
595,,,,9.945388999788896e-5,
596,,,,9.91765543973238e-5,
597,,,,9.89077337935984e-5,
598,,,,9.864955559103985e-5,
599,,,,9.840406752341247e-5,
600,,,,9.817314734801253e-5,
601,,,,9.795841387864288e-5,
602,,,,9.776114385390036e-5,
603,,,,9.758219885693072e-5,
604,,,,9.742196604109947e-5,
605,,,,9.72803158078766e-5,
606,,,,9.715657886200072e-5,
607,,,,9.704954426414594e-5,
608,,,,9.69574792379559e-5,
609,,,,9.6878170588312e-5,
610,,,,9.680898667206782e-5,
611,,,,9.674695795420158e-5,
612,,,,9.668887330901968e-5,
613,,,,9.66313884215759e-5,
614,,,,9.657114194910864e-5,
615,,,,9.650487456086422e-5,
616,,,,9.642954563282245e-5,
617,,,,9.634244227281389e-5,
618,,,,9.624127552208737e-5,
619,,,,9.612425903601687e-5,
620,,,,9.599016628295475e-5,
621,,,,9.583836328679625e-5,
622,,,,9.56688151238297e-5,
623,,,,9.548206569759754e-5,
624,,,,9.527919167447734e-5,
625,,,,9.506173278144249e-5,
626,,,,9.483160186483542e-5,
627,,,,9.459097911647666e-5,
628,,,,9.434219564074206e-5,
629,,,,9.408761203389569e-5,
630,,,,9.382949786584099e-5,
631,,,,9.356991790253101e-5,
632,,,,9.331063060455302e-5,
633,,,,9.305300391009076e-5,
634,,,,9.27979525857399e-5,
635,,,,9.254590053100465e-5,
636,,,,9.229677037230417e-5,
637,,,,9.205000149803809e-5,
638,,,,9.180459638719134e-5,
639,,,,9.155919369664539e-5,
640,,,,9.131216513657303e-5,
641,,,,9.106173173715348e-5,
642,,,,9.080609377227743e-5,
643,,,,9.054356745491759e-5,
644,,,,9.027272066466528e-5,
645,,,,8.999249952116384e-5,
646,,,,8.970233767290751e-5,
647,,,,8.940224079137642e-5,
648,,,,8.909283995954237e-5,
649,,,,8.877540937643113e-5,
650,,,,8.84518459598697e-5,
651,,,,8.812461085893402e-5,
652,,,,8.779663539106903e-5,
653,,,,8.747119628913973e-5,
654,,,,8.715176718711492e-5,
655,,,,8.684185483289115e-5,
656,,,,8.654482948931513e-5,
657,,,,8.6263759325985e-5,
658,,,,8.600125832762143e-5,
659,,,,8.575935640747148e-5,
660,,,,8.553939910319446e-5,
661,,,,8.534198254764068e-5,
662,,,,8.516692744752136e-5,
663,,,,8.501329366198439e-5,
664,,,,8.48794347363166e-5,
665,,,,8.476308949740688e-5,
666,,,,8.466150564762663e-5,
667,,,,8.457158830658986e-5,
668,,,,8.449006476688786e-5,
669,,,,8.44136554843273e-5,
670,,,,8.433924065025544e-5,
671,,,,8.426401170972308e-5,
672,,,,8.418559796963966e-5,
673,,,,8.410215999746856e-5,
674,,,,8.401244377638135e-5,
675,,,,8.391579240724498e-5,
676,,,,8.381211530835407e-5,
677,,,,8.370181808737321e-5,
678,,,,8.358569925598191e-5,
679,,,,8.34648224542388e-5,
680,,,,8.334037462795843e-5,
681,,,,8.321352151243281e-5,
682,,,,8.308527175954731e-5,
683,,,,8.295636012724585e-5,
684,,,,8.2827158428413e-5,
685,,,,8.269762056558328e-5,
686,,,,8.256726515294044e-5,
687,,,,8.243519616634869e-5,
688,,,,8.230015899594496e-5,
689,,,,8.216062643608348e-5,
690,,,,8.201490675756292e-5,
691,,,,8.186126426914638e-5,
692,,,,8.169804185358436e-5,
693,,,,8.15237749645305e-5,
694,,,,8.133728752525061e-5,
695,,,,8.113776201747133e-5,
696,,,,8.092477863358355e-5,
697,,,,8.069832144604997e-5,
698,,,,8.045875281936984e-5,
699,,,,8.020676041831958e-5,
700,,,,7.994328382799789e-5,
701,,,,7.966942972197312e-5,
702,,,,7.938638549955135e-5,
703,,,,7.909534126491876e-5,
704,,,,7.879742894634254e-5,
705,,,,7.849368535731769e-5,
706,,,,7.818504327243395e-5,
707,,,,7.787235138423179e-5,
708,,,,7.7556420625551e-5,
709,,,,7.723809111238392e-5,
710,,,,7.69183112141405e-5,
711,,,,7.659821829463644e-5,
712,,,,7.627920973389886e-5,
713,,,,7.59629930943357e-5,
714,,,,7.565160577355547e-5,
715,,,,7.534739709431348e-5,
716,,,,7.505296929033316e-5,
717,,,,7.477107791424238e-5,
718,,,,7.450449640951787e-5,
719,,,,7.425585352428249e-5,
720,,,,7.402745551080967e-5,
721,,,,7.382110734196031e-5,
722,,,,7.363794828237766e-5,
723,,,,7.347831698616257e-5,
724,,,,7.334165985866172e-5,
725,,,,7.322649379780539e-5,
726,,,,7.313043075668501e-5,
727,,,,7.305026703011127e-5,
728,,,,7.298213500741088e-5,
729,,,,7.292170967005966e-5,
730,,,,7.286445675482294e-5,
731,,,,7.28059047498664e-5,
732,,,,7.274191930169182e-5,
733,,,,7.266895673768798e-5,
734,,,,7.258427370391416e-5,
735,,,,7.248607262372792e-5,
736,,,,7.237356774631679e-5,
737,,,,7.224696358272419e-5,
738,,,,7.210734581523076e-5,
739,,,,7.195649339061538e-5,
740,,,,7.179662847234066e-5,
741,,,,7.163012732052405e-5,
742,,,,7.145921930076671e-5,
743,,,,7.128570270017171e-5,
744,,,,7.111070476703148e-5,
745,,,,7.093450957160545e-5,
746,,,,7.075647128665079e-5,
747,,,,7.057502281440768e-5,
748,,,,7.038778093662209e-5,
749,,,,7.019174000981054e-5,
750,,,,6.998353742836292e-5,
751,,,,6.975976647166776e-5,
752,,,,6.951730660924359e-5,
753,,,,6.925363865990343e-5,
754,,,,6.896711296478358e-5,
755,,,,6.865714313118962e-5,
756,,,,6.832430561902095e-5,
757,,,,6.797033562519574e-5,
758,,,,6.759802109016657e-5,
759,,,,6.721100769712151e-5,
760,,,,6.681353700246729e-5,
761,,,,6.641014618262583e-5,
762,,,,6.600536065788027e-5,
763,,,,6.560340996227295e-5,
764,,,,6.520799306337958e-5,
765,,,,6.482211263818114e-5,
766,,,,6.444798949956273e-5,
767,,,,6.408705939250242e-5,
768,,,,6.374004562909799e-5,
769,,,,6.340709329491147e-5,
770,,,,6.308794471178034e-5,
771,,,,6.278213203945742e-5,
772,,,,6.248916174311532e-5,
773,,,,6.220866733802437e-5,
774,,,,6.194051125841753e-5,
775,,,,6.168482346628117e-5,
776,,,,6.144197277046204e-5,
777,,,,6.121247576244083e-5,
778,,,,6.09968566652999e-5,
779,,,,6.079547815673038e-5,
780,,,,6.060836749408407e-5,
781,,,,6.04350634928374e-5,
782,,,,6.027450791822164e-5,
783,,,,6.012499983821451e-5,
784,,,,5.998422396965678e-5,
785,,,,5.9849354806594873e-5,
786,,,,5.971722834137049e-5,
787,,,,5.958456362411247e-5,
788,,,,5.9448208489652474e-5,
789,,,,5.930537871128723e-5,
790,,,,5.915385860667157e-5,
791,,,,5.899213429402454e-5,
792,,,,5.881943834610218e-5,
793,,,,5.863569578478325e-5,
794,,,,5.8441374814029455e-5,
795,,,,5.823725955504795e-5,
796,,,,5.802417431836867e-5,
797,,,,5.780269779086206e-5,
798,,,,5.75729095469459e-5,
799,,,,5.73342097382398e-5,
800,,,,5.708524556209304e-5,
801,,,,5.682396569032602e-5,
802,,,,5.6547807409128474e-5,
803,,,,5.6254002540899756e-5,
804,,,,5.593996962312034e-5,
805,,,,5.5603744072010646e-5,
806,,,,5.524438801429932e-5,
807,,,,5.486231951945478e-5,
808,,,,5.4459508367458896e-5,
809,,,,5.403950181878966e-5,
810,,,,5.360726682168275e-5,
811,,,,5.316886089329445e-5,
812,,,,5.2730968081011335e-5,
813,,,,5.2300354899737024e-5,
814,,,,5.1883311244674833e-5,
815,,,,5.148514208861632e-5,
816,,,,5.110976805809206e-5,
817,,,,5.075947864006559e-5,
818,,,,5.043486313324513e-5,
819,,,,5.013492376639229e-5,
820,,,,4.985735460363309e-5,
821,,,,4.959895068602286e-5,
822,,,,4.9356096082906e-5,
823,,,,4.912526904526172e-5,
824,,,,4.890349913351091e-5,
825,,,,4.868871639564807e-5,
826,,,,4.8479946634983774e-5,
827,,,,4.8277328167811636e-5,
828,,,,4.8081951219910635e-5,
829,,,,4.789554708985771e-5,
830,,,,4.77200760368658e-5,
831,,,,4.755727694882114e-5,
832,,,,4.74082461725786e-5,
833,,,,4.727310719091709e-5,
834,,,,4.7150818405795194e-5,
835,,,,4.7039145481528206e-5,
836,,,,4.693480041947313e-5,
837,,,,4.68337249316665e-5,
838,,,,4.673147400835942e-5,
839,,,,4.662364003642242e-5,
840,,,,4.6506251238195766e-5,
841,,,,4.637608241233256e-5,
842,,,,4.623083116929648e-5,
843,,,,4.606913713464693e-5,
844,,,,4.589045091212481e-5,
845,,,,4.5694788489759934e-5,
846,,,,4.548242948954017e-5,
847,,,,4.525362945766164e-5,
848,,,,4.500841453293472e-5,
849,,,,4.4746511112905534e-5,
850,,,,4.446743592462525e-5,
851,,,,4.417073781513038e-5,
852,,,,4.385634790180999e-5,
853,,,,4.3524966569731404e-5,
854,,,,4.3178400806265577e-5,
855,,,,4.281976806053546e-5,
856,,,,4.245350407601718e-5,
857,,,,4.2085148343280396e-5,
858,,,,4.172092435921544e-5,
859,,,,4.136717313947012e-5,
860,,,,4.102972848364493e-5,
861,,,,4.0713335471720805e-5,
862,,,,4.0421207870447436e-5,
863,,,,4.015479761699442e-5,
864,,,,3.991381483965205e-5,
865,,,,3.969649557635193e-5,
866,,,,3.9500072396202095e-5,
867,,,,3.932136663493449e-5,
868,,,,3.915739614295237e-5,
869,,,,3.900588497251903e-5,
870,,,,3.886557491827421e-5,
871,,,,3.873627306634061e-5,
872,,,,3.8618619390031996e-5,
873,,,,3.851361447290456e-5,
874,,,,3.8421998049909574e-5,
875,,,,3.834360362566991e-5,
876,,,,3.827682589149102e-5,
877,,,,3.821832357555204e-5,
878,,,,3.81630425465212e-5,
879,,,,3.810458765574217e-5,
880,,,,3.803590504207061e-5,
881,,,,3.795017041717438e-5,
882,,,,3.78417266404752e-5,
883,,,,3.7706889502961516e-5,
884,,,,3.754445416308189e-5,
885,,,,3.7355787720888325e-5,
886,,,,3.714447635228324e-5,
887,,,,3.691558897709891e-5,
888,,,,3.667470060272786e-5,
889,,,,3.642686812745123e-5,
890,,,,3.617575970251294e-5,
891,,,,3.592310638921252e-5,
892,,,,3.566858026959319e-5,
893,,,,3.541011894507592e-5,
894,,,,3.5144626875915815e-5,
895,,,,3.4868905036961605e-5,
896,,,,3.4580608597219866e-5,
897,,,,3.427902266013176e-5,
898,,,,3.396548600432207e-5,
899,,,,3.364337648935867e-5,
900,,,,3.331767874287462e-5,
901,,,,3.299425488612142e-5,
902,,,,3.2679003684701954e-5,
903,,,,3.237710590484069e-5,
904,,,,3.209251404357278e-5,
905,,,,3.18277678768301e-5,
906,,,,3.158412617134021e-5,
907,,,,3.136192289113648e-5,
908,,,,3.116100249662245e-5,
909,,,,3.098107551332717e-5,
910,,,,3.0821865399441834e-5,
911,,,,3.068298373250342e-5,
912,,,,3.056355651774964e-5,
913,,,,3.046170802965068e-5,
914,,,,3.0374067999714977e-5,
915,,,,3.029548641050842e-5,
916,,,,3.0219109589830778e-5,
917,,,,3.0136893830227302e-5,
918,,,,3.0040521497803254e-5,
919,,,,2.9922564131721564e-5,
920,,,,2.9777641323726282e-5,
921,,,,2.9603288480085327e-5,
922,,,,2.940029340996347e-5,
923,,,,2.9172386837318784e-5,
924,,,,2.8925340619653754e-5,
925,,,,2.86656862247007e-5,
926,,,,2.8399365121914037e-5,
927,,,,2.8130635665270628e-5,
928,,,,2.7861490285141627e-5,
929,,,,2.7591706150118343e-5,
930,,,,2.7319494850576393e-5,
931,,,,2.7042566622273122e-5,
932,,,,2.6759316176871423e-5,
933,,,,2.6469801033097207e-5,
934,,,,2.6176237676708784e-5,
935,,,,2.5882879063122618e-5,
936,,,,2.5595320762798926e-5,
937,,,,2.5319452902879828e-5,
938,,,,2.5060373870569866e-5,
939,,,,2.482157872058269e-5,
940,,,,2.4604635817437464e-5,
941,,,,2.440940442468742e-5,
942,,,,2.4234673355703913e-5,
943,,,,2.407896683089227e-5,
944,,,,2.3941208736087327e-5,
945,,,,2.3820980690356883e-5,
946,,,,2.3718243779787934e-5,
947,,,,2.3632579541008164e-5,
948,,,,2.3562185645076042e-5,
949,,,,2.3502980489997915e-5,
950,,,,2.3448191633184825e-5,
951,,,,2.3388712310339368e-5,
952,,,,2.3314317041776676e-5,
953,,,,2.321556530849388e-5,
954,,,,2.3085958078009634e-5,
955,,,,2.2923741881268024e-5,
956,,,,2.273277182455207e-5,
957,,,,2.2522079463647677e-5,
958,,,,2.2304173262689788e-5,
959,,,,2.2092479211826997e-5,
960,,,,2.1898561648918467e-5,
961,,,,2.1729787335669576e-5,
962,,,,2.158794574080175e-5,
963,,,,2.146909956850959e-5,
964,,,,2.1364681432984225e-5,
965,,,,2.1263606615228765e-5,
966,,,,2.1154953752466823e-5,
967,,,,2.10306103332131e-5,
968,,,,2.0887249473539125e-5,
969,,,,2.072714925046406e-5,
970,,,,2.055767161560772e-5,
971,,,,2.038958613162914e-5,
972,,,,2.0234715860907566e-5,
973,,,,2.0103499096458054e-5,
974,,,,2.0002992105399653e-5,
975,,,,1.9935653307377524e-5,
976,,,,1.9899038740247572e-5,
977,,,,1.9886363808235144e-5,
978,,,,1.9887764805016262e-5,
979,,,,1.9892015366182707e-5,
980,,,,1.988840456763472e-5,
981,,,,1.9868463498007184e-5,
982,,,,1.9827245941806097e-5,
983,,,,1.9763936914791565e-5,
984,,,,1.9681678841802957e-5,
985,,,,1.9586650466930612e-5,
986,,,,1.948657713513981e-5,
987,,,,1.9388961738625453e-5,
988,,,,1.929938343569731e-5,
989,,,,1.9220210670005423e-5,
990,,,,1.915001863008574e-5,
991,,,,1.908389064531054e-5,
992,,,,1.901461712029312e-5,
993,,,,1.893459354746906e-5,
994,,,,1.8838000338603838e-5,
995,,,,1.8722698389508786e-5,
996,,,,1.8591281848102784e-5,
997,,,,1.8450932426923102e-5,
998,,,,1.8312064297248088e-5,
999,,,,1.8186103854297397e-5,
1000,,,,1.8082979624892545e-5,
1001,,,,1.800894164415358e-5,
1002,,,,1.7965212795243613e-5,
1003,,,,1.7947765888214526e-5,
1004,,,,1.794827493578e-5,
1005,,,,1.795603190734601e-5,
1006,,,,1.7960374670588883e-5,
1007,,,,1.795299681991019e-5,
1008,,,,1.792949517766963e-5,
1009,,,,1.7889715602110426e-5,
1010,,,,1.7836842382103688e-5,
1011,,,,1.7775594950043907e-5,
1012,,,,1.7710174702742153e-5,
1013,,,,1.764264507613333e-5,
1014,,,,1.7572243725920844e-5,
1015,,,,1.7495805839141006e-5,
1016,,,,1.7409126103393473e-5,
1017,,,,1.730879376119239e-5,
1018,,,,1.719387804596867e-5,
1019,,,,1.7066878311109554e-5,
1020,,,,1.693359047237263e-5,
1021,,,,1.6801904367315753e-5,
1022,,,,1.6679899049892758e-5,
1023,,,,1.6573815533368805e-5,
1024,,,,1.6486502232333844e-5,
1025,,,,1.6416773617658442e-5,
1026,,,,1.6359865538108573e-5,
1027,,,,1.6308877374330564e-5,
1028,,,,1.625681748125863e-5,
1029,,,,1.619867725097254e-5,
1030,,,,1.6132922370123958e-5,
1031,,,,1.606195009550821e-5,
1032,,,,1.5991382561383474e-5,
1033,,,,1.592842884619706e-5,
1034,,,,1.5879811628735765e-5,
1035,,,,1.5849836274392976e-5,
1036,,,,1.583909183498105e-5,
1037,,,,1.5844082825981916e-5,
1038,,,,1.5857864702554986e-5,
1039,,,,1.587153162382077e-5,
1040,,,,1.5876204007346073e-5,
1041,,,,1.586502156076824e-5,
1042,,,,1.583462051457916e-5,
1043,,,,1.5785702737466897e-5,
1044,,,,1.572256921711255e-5,
1045,,,,1.5651798478943033e-5,
1046,,,,1.5580482158299614e-5,
1047,,,,1.551450740333889e-5,
1048,,,,1.54572998654879e-5,
1049,,,,1.540927160517821e-5,
1050,,,,1.536802605377345e-5,
1051,,,,1.532920438634653e-5,
1052,,,,1.5287734770752916e-5,
1053,,,,1.5239177278018556e-5,
1054,,,,1.5180852424288012e-5,
1055,,,,1.5112506615217305e-5,
1056,,,,1.5036393051075377e-5,
1057,,,,1.4956798647099356e-5,
1058,,,,1.487917939768832e-5,
1059,,,,1.4809139310749819e-5,
1060,,,,1.4751488067706804e-5,
1061,,,,1.470955423699436e-5,
1062,,,,1.4684843988898406e-5,
1063,,,,1.4677049057010882e-5,
1064,,,,1.4684341033720834e-5,
1065,,,,1.4703849435125477e-5,
1066,,,,1.4732208220072935e-5,
1067,,,,1.4766065753328554e-5,
1068,,,,1.4802480619019626e-5,
1069,,,,1.4839162440048156e-5,
1070,,,,1.4874554015643629e-5,
1071,,,,1.4907780466381918e-5,
1072,,,,1.4938507568815808e-5,
1073,,,,1.4966754425106866e-5,
1074,,,,1.4992698445036827e-5,
1075,,,,1.501649884588086e-5,
1076,,,,1.5038153788561656e-5,
1077,,,,1.5057399131047059e-5,
1078,,,,1.5073654153350489e-5,
1079,,,,1.5086019743785697e-5,
1080,,,,1.5093334478608663e-5,
1081,,,,1.5094290980103912e-5,
1082,,,,1.5087607474255118e-5,
1083,,,,1.507223825807962e-5,
1084,,,,1.5047594604357042e-5,
1085,,,,1.5013738567054035e-5,
1086,,,,1.497151017250023e-5,
1087,,,,1.492255582447343e-5,
1088,,,,1.4869241799167748e-5,
1089,,,,1.4814457943908332e-5,
1090,,,,1.4761337855450862e-5,
1091,,,,1.4712937728051438e-5,
1092,,,,1.4671923326653408e-5,
1093,,,,1.4640312299385102e-5,
1094,,,,1.4619308680691913e-5,
1095,,,,1.4609250609430808e-5,
1096,,,,1.4609673945478855e-5,
1097,,,,1.4619476328579253e-5,
1098,,,,1.4637150723262336e-5,
1099,,,,1.4661046921732801e-5,
1100,,,,1.4689615856262798e-5,
1101,,,,1.4721596137444944e-5,
1102,,,,1.4756114697968548e-5,
1103,,,,1.479269152638787e-5,
1104,,,,1.483115826300762e-5,
1105,,,,1.4871517287862585e-5,
1106,,,,1.4913778009103965e-5,
1107,,,,1.495780841937787e-5,
1108,,,,1.5003233005343893e-5,
1109,,,,1.5049395082690975e-5,
1110,,,,1.5095385974476137e-5,
1111,,,,1.5140128700836759e-5,
1112,,,,1.5182492988292155e-5,
1113,,,,1.522141339741475e-5,
1114,,,,1.5255983888490576e-5,
1115,,,,1.5285509522611877e-5,
1116,,,,1.530950735198955e-5,
1117,,,,1.5327661209078213e-5,
1118,,,,1.5339746190314477e-5,
1119,,,,1.534554574703298e-5,
1120,,,,1.534478602428318e-5,
1121,,,,1.5337108220518476e-5,
1122,,,,1.532209122180846e-5,
1123,,,,1.5299325422735082e-5,
1124,,,,1.526852682715819e-5,
1125,,,,1.5229670671415867e-5,
1126,,,,1.5183118034086044e-5,
1127,,,,1.5129708506586847e-5,
1128,,,,1.5070797169582462e-5,
1129,,,,1.5008223754925703e-5,
1130,,,,1.4944213832641523e-5,
1131,,,,1.4881223529182542e-5,
1132,,,,1.482174828425358e-5,
1133,,,,1.476812097575403e-5,
1134,,,,1.4722325010428092e-5,
1135,,,,1.4685844333380809e-5,
1136,,,,1.4659566008366339e-5,
1137,,,,1.4643743459705773e-5,
1138,,,,1.4638020833867149e-5,
1139,,,,1.4641512072837701e-5,
1140,,,,1.4652922723770273e-5,
1141,,,,1.467069858872937e-5,
1142,,,,1.4693183310566345e-5,
1143,,,,1.4718767088468087e-5,
1144,,,,1.4746010957658091e-5,
1145,,,,1.4773735221242019e-5,
1146,,,,1.4801066121026646e-5,
1147,,,,1.4827440816595078e-5,
1148,,,,1.4852576213521939e-5,
1149,,,,1.4876411247667782e-5,
1150,,,,1.4899034316899654e-5,
1151,,,,1.4920607522722527e-5,
1152,,,,1.4941297549906468e-5,
1153,,,,1.4961219997964148e-5,
1154,,,,1.4980400543340329e-5,
1155,,,,1.4998753162851982e-5,
1156,,,,1.50160733053937e-5,
1157,,,,1.5032042620082078e-5,
1158,,,,1.504624163403025e-5,
1159,,,,1.5058167408070671e-5,
1160,,,,1.506725433464285e-5,
1161,,,,1.5072897481422483e-5,
1162,,,,1.5074478864140617e-5,
1163,,,,1.5071397489531012e-5,
1164,,,,1.50631038233661e-5,
1165,,,,1.504913854419271e-5,
1166,,,,1.5029174218817732e-5,
1167,,,,1.5003057164181051e-5,
1168,,,,1.497084557334243e-5,
1169,,,,1.4932839292075765e-5,
1170,,,,1.4889596660538042e-5,
1171,,,,1.4841934664885851e-5,
1172,,,,1.4790910195310541e-5,
1173,,,,1.473778224709595e-5,
1174,,,,1.468395709542266e-5,
1175,,,,1.4630920460515463e-5,
1176,,,,1.4580162146184533e-5,
1177,,,,1.4533099383329299e-5,
1178,,,,1.449100508364216e-5,
1179,,,,1.4454946484516492e-5,
1180,,,,1.4425738418154513e-5,
1181,,,,1.4403913886911326e-5,
1182,,,,1.4389712992349428e-5,
1183,,,,1.4383089730719982e-5,
1184,,,,1.4383734863522418e-5,
1185,,,,1.4391112075723724e-5,
1186,,,,1.4404503978195874e-5,
1187,,,,1.442306419296725e-5,
1188,,,,1.444587175348966e-5,
1189,,,,1.4471984312557161e-5,
1190,,,,1.4500487118713662e-5,
1191,,,,1.4530535328378616e-5,
1192,,,,1.4561387891132286e-5,
1193,,,,1.4592431908782055e-5,
1194,,,,1.4623196967511905e-5,
1195,,,,1.4653359441494626e-5,
1196,,,,1.4682737158283633e-5,
1197,,,,1.4711275120376767e-5,
1198,,,,1.4739023232363911e-5,
1199,,,,1.4766107234924152e-5,
1200,,,,1.479269433398695e-5,
1201,,,,1.481895535334379e-5,
1202,,,,1.4845025620665518e-5,
1203,,,,1.4870967178415483e-5,
1204,,,,1.489673522527361e-5,
1205,,,,1.4922151858223352e-5,
1206,,,,1.4946890117028722e-5,
1207,,,,1.4970470961539169e-5,
1208,,,,1.4992275095703668e-5,
1209,,,,1.5011570487829564e-5,
1210,,,,1.502755507163538e-5,
1211,,,,1.5039412549454445e-5,
1212,,,,1.5046377614132525e-5,
1213,,,,1.5047805459459133e-5,
1214,,,,1.5043239380135809e-5,
1215,,,,1.503246977637081e-5,
1216,,,,1.501557812404774e-5,
1217,,,,1.4992960502611937e-5,
1218,,,,1.496532702255348e-5,
1219,,,,1.4933675774397149e-5,
1220,,,,1.4899242448824183e-5,
1221,,,,1.4863429226668888e-5,
1222,,,,1.4827718599779964e-5,
1223,,,,1.4793579224620923e-5,
1224,,,,1.4762371604139094e-5,
1225,,,,1.4735261328671443e-5,
1226,,,,1.4713146866092372e-5,
1227,,,,1.469660761384247e-5,
1228,,,,1.4685876265783286e-5,
1229,,,,1.4680837646391135e-5,
1230,,,,1.4681054140136041e-5,
1231,,,,1.4685815793642787e-5,
1232,,,,1.4694211192135866e-5,
1233,,,,1.4705213430539947e-5,
1234,,,,1.471777406487006e-5,
1235,,,,1.4730917014134584e-5,
1236,,,,1.4743824151926308e-5,
1237,,,,1.4755904894099935e-5,
1238,,,,1.4766843473491778e-5,
1239,,,,1.4776619690674513e-5,
1240,,,,1.4785501514943086e-5,
1241,,,,1.4794010666396217e-5,
1242,,,,1.4802864891459944e-5,
1243,,,,1.4812902740192721e-5,
1244,,,,1.482499804673708e-5,
1245,,,,1.4839971909872473e-5,
1246,,,,1.4858509795397756e-5,
1247,,,,1.4881090554740361e-5,
1248,,,,1.4907932842306326e-5,
1249,,,,1.4938962791674231e-5,
1250,,,,1.4973805028859838e-5,
1251,,,,1.5011797276824168e-5,
1252,,,,1.5052027029106906e-5,
1253,,,,1.5093387121339424e-5,
1254,,,,1.5134645593910816e-5,
1255,,,,1.517452412011732e-5,
1256,,,,1.5211778586163664e-5,
1257,,,,1.5245275258652062e-5,
1258,,,,1.5274056430118936e-5,
1259,,,,1.529739049441887e-5,
1260,,,,1.53148029850582e-5,
1261,,,,1.5326087038246333e-5,
1262,,,,1.5331293782267054e-5,
1263,,,,1.5330705046973234e-5,
1264,,,,1.5324792298454963e-5,
1265,,,,1.531416666853458e-5,
1266,,,,1.5299525294014507e-5,
1267,,,,1.5281598930406513e-5,
1268,,,,1.5261105063186773e-5,
1269,,,,1.5238709661255354e-5,
1270,,,,1.5214999474871354e-5,
1271,,,,1.5190465535684277e-5,
1272,,,,1.5165497400955533e-5,
1273,,,,1.5140386789189833e-5,
1274,,,,1.5115338630937097e-5,
1275,,,,1.5090487221001806e-5,
1276,,,,1.5065915091977272e-5,
1277,,,,1.5041672397284562e-5,
1278,,,,1.5017794942976302e-5,
1279,,,,1.4994319480592156e-5,
1280,,,,1.4971295403965101e-5,
1281,,,,1.4948792518707886e-5,
1282,,,,1.492690501910088e-5,
1283,,,,1.4905752170296205e-5,
1284,,,,1.4885476426954678e-5,
1285,,,,1.4866239813187168e-5,
1286,,,,1.4848219351179572e-5,
1287,,,,1.4831602180813393e-5,
1288,,,,1.4816580795137895e-5,
1289,,,,1.4803348568237491e-5,
1290,,,,1.4792095515099224e-5,
1291,,,,1.4783004035045172e-5,
1292,,,,1.4776244279477025e-5,
1293,,,,1.4771968767107531e-5,
1294,,,,1.4770305947851388e-5,
1295,,,,1.4771352579122195e-5,
1296,,,,1.4775165003114777e-5,
1297,,,,1.4781749670344343e-5,
1298,,,,1.4791053508746922e-5,
1299,,,,1.4802954954482471e-5,
1300,,,,1.4817256609386566e-5,
1301,,,,1.4833680546624337e-5,
1302,,,,1.4851867235102535e-5,
1303,,,,1.4871378889183224e-5,
1304,,,,1.4891707778386422e-5,
1305,,,,1.4912289667901208e-5,
1306,,,,1.493252213096671e-5,
1307,,,,1.4951787013985328e-5,
1308,,,,1.4969475887519375e-5,
1309,,,,1.4985016928445704e-5,
1310,,,,1.4997901397806781e-5,
1311,,,,1.50077077468835e-5,
1312,,,,1.5014121430303847e-5,
1313,,,,1.501694874136762e-5,
1314,,,,1.5016123401168383e-5,
1315,,,,1.5011705196646745e-5,
1316,,,,1.5003870620357244e-5,
1317,,,,1.4992896149502458e-5,
1318,,,,1.497913544166362e-5,
1319,,,,1.4962992252394672e-5,
1320,,,,1.4944891241848947e-5,
1321,,,,1.4925249000207184e-5,
1322,,,,1.4904447573904193e-5,
1323,,,,1.4882812527465016e-5,
1324,,,,1.4860597158478167e-5,
1325,,,,1.4837973938413605e-5,
1326,,,,1.481503363001011e-5,
1327,,,,1.4791791886178658e-5,
1328,,,,1.4768202518328684e-5,
1329,,,,1.4744176082461274e-5,
1330,,,,1.4719602011712044e-5,
1331,,,,1.4694372257871379e-5,
1332,,,,1.4668404313872571e-5,
1333,,,,1.464166158232723e-5,
1334,,,,1.4614169323844258e-5,
1335,,,,1.4586024838417424e-5,
1336,,,,1.455740106380442e-5,
1337,,,,1.4528543365381608e-5,
1338,,,,1.4499759885614347e-5,
1339,,,,1.447140636229147e-5,
1340,,,,1.4443866764979891e-5,
1341,,,,1.4417531403630229e-5,
1342,,,,1.4392774312704189e-5,
1343,,,,1.4369931705778268e-5,
1344,,,,1.4349283141049616e-5,
1345,,,,1.4331036760482449e-5,
1346,,,,1.431531959470081e-5,
1347,,,,1.4302173495936525e-5,
1348,,,,1.4291556806855839e-5,
1349,,,,1.4283351427189726e-5,
1350,,,,1.4277374533738312e-5,
1351,,,,1.4273393870374599e-5,
1352,,,,1.4271145277023317e-5,
1353,,,,1.4270350988837292e-5,
1354,,,,1.4270737220497933e-5,
1355,,,,1.4272049658349901e-5,
1356,,,,1.4274065707097043e-5,
1357,,,,1.4276602659175626e-5,
1358,,,,1.427952134469975e-5,
1359,,,,1.4282725241442318e-5,
1360,,,,1.4286155437328092e-5,
1361,,,,1.4289782202927997e-5,
1362,,,,1.429359421452112e-5,
1363,,,,1.4297586644775706e-5,
1364,,,,1.4301749394950748e-5,
1365,,,,1.430605667896927e-5,
1366,,,,1.431045899638466e-5,
1367,,,,1.4314878268123886e-5,
1368,,,,1.4319206582610157e-5,
1369,,,,1.432330864099976e-5,
1370,,,,1.4327027630658036e-5,
1371,,,,1.4330193926492847e-5,
1372,,,,1.4332635748216503e-5,
1373,,,,1.433419071110201e-5,
1374,,,,1.4334717115003252e-5,
1375,,,,1.4334103830122433e-5,
1376,,,,1.4332277758077922e-5,
1377,,,,1.4329208063673762e-5,
1378,,,,1.4324906667794554e-5,
1379,,,,1.4319424838829572e-5,
1380,,,,1.4312846087518741e-5,
1381,,,,1.430527592452684e-5,
1382,,,,1.4296829349057119e-5,
1383,,,,1.4287617172505615e-5,
1384,,,,1.4277732422577248e-5,
1385,,,,1.4267238108012627e-5,
1386,,,,1.4256157548797476e-5,
1387,,,,1.4244468296941042e-5,
1388,,,,1.4232100402017714e-5,
1389,,,,1.4218939433750553e-5,
1390,,,,1.4204834286404472e-5,
1391,,,,1.4189609386030893e-5,
1392,,,,1.4173080533458028e-5,
1393,,,,1.415507327569932e-5,
1394,,,,1.4135442436732212e-5,
1395,,,,1.4114091281388947e-5,
1396,,,,1.4090988751804172e-5,
1397,,,,1.4066183312458473e-5,
1398,,,,1.4039812162901314e-5,
1399,,,,1.4012104909306437e-5,
1400,,,,1.3983381197959384e-5,
1401,,,,1.3954042267844305e-5,
1402,,,,1.3924556833890804e-5,
1403,,,,1.389544212657692e-5,
1404,,,,1.386724125305145e-5,
1405,,,,1.3840498285269482e-5,
1406,,,,1.3815732609245435e-5,
1407,,,,1.3793414085642298e-5,
1408,,,,1.3773940484729485e-5,
1409,,,,1.3757618484428325e-5,
1410,,,,1.3744649278506913e-5,
1411,,,,1.3735119553369598e-5,
1412,,,,1.3728998275191712e-5,
1413,,,,1.3726139400794261e-5,
1414,,,,1.3726290299707642e-5,
1415,,,,1.3729105363938023e-5,
1416,,,,1.3734163998304814e-5,
1417,,,,1.3740991940735887e-5,
1418,,,,1.3749084672301839e-5,
1419,,,,1.3757931554925123e-5,
1420,,,,1.3767039293091759e-5,
1421,,,,1.3775953363371642e-5,
1422,,,,1.3784276194965038e-5,
1423,,,,1.3791681110751586e-5,
1424,,,,1.3797921337496159e-5,
1425,,,,1.3802833743687841e-5,
1426,,,,1.380633733531718e-5,
1427,,,,1.3808426901946889e-5,
1428,,,,1.380916252664859e-5,
1429,,,,1.3808655927271508e-5,
1430,,,,1.3807054764224014e-5,
1431,,,,1.3804526122081486e-5,
1432,,,,1.3801240349262073e-5,
1433,,,,1.3797356330864841e-5,
1434,,,,1.3793009090386065e-5,
1435,,,,1.3788300386441098e-5,
1436,,,,1.3783292712476485e-5,
1437,,,,1.377800684187994e-5,
1438,,,,1.377242280688584e-5,
1439,,,,1.3766483973148102e-5,
1440,,,,1.376010368519718e-5,
1441,,,,1.375317381997259e-5,
1442,,,,1.3745574501440183e-5,
1443,,,,1.3737184200766943e-5,
1444,,,,1.372788947216497e-5,
1445,,,,1.3717593649738838e-5,
1446,,,,1.370622394799851e-5,
1447,,,,1.3693736558154753e-5,
1448,,,,1.368011950201215e-5,
1449,,,,1.366539318223641e-5,
1450,,,,1.3649608738894271e-5,
1451,,,,1.3632844475256383e-5,
1452,,,,1.3615200740617472e-5,
1453,,,,1.3596793746704618e-5,
1454,,,,1.3577748842679232e-5,
1455,,,,1.3558193780710946e-5,
1456,,,,1.3538252471727006e-5,
1457,,,,1.3518039664091003e-5,
1458,,,,1.3497656883641678e-5,
1459,,,,1.3477189860131057e-5,
1460,,,,1.3456707541717972e-5,
1461,,,,1.3436262674870382e-5,
1462,,,,1.3415893810299324e-5,
1463,,,,1.3395628493832798e-5,
1464,,,,1.3375487320481013e-5,
1465,,,,1.3355488474728333e-5,
1466,,,,1.3335652352876779e-5,
1467,,,,1.3316005864739984e-5,
1468,,,,1.3296586040971828e-5,
1469,,,,1.3277442625925207e-5,
1470,,,,1.3258639409827883e-5,
1471,,,,1.3240254142780565e-5,
1472,,,,1.322237697049691e-5,
1473,,,,1.3205107431477945e-5,
1474,,,,1.318855015135923e-5,
1475,,,,1.3172809457053473e-5,
1476,,,,1.3157983206546836e-5,
1477,,,,1.3144156186417821e-5,
1478,,,,1.3131393466098089e-5,
1479,,,,1.311973411440214e-5,
1480,,,,1.3109185679618083e-5,
1481,,,,1.3099719809859893e-5,
1482,,,,1.3091269346325353e-5,
1483,,,,1.3083727159874789e-5,
1484,,,,1.3076946922625218e-5,
1485,,,,1.3070745913207911e-5,
1486,,,,1.3064909849795608e-5,
1487,,,,1.3059199632684215e-5,
1488,,,,1.3053359762904872e-5,
1489,,,,1.3047128090997965e-5,
1490,,,,1.3040246447715534e-5,
1491,,,,1.3032471623772125e-5,
1492,,,,1.3023586106710819e-5,
1493,,,,1.301340795668807e-5,
1494,,,,1.3001799215088005e-5,
1495,,,,1.2988672293386741e-5,
1496,,,,1.2973993884333975e-5,
1497,,,,1.2957786069324807e-5,
1498,,,,1.2940124457156459e-5,
1499,,,,1.2921133369440841e-5,
1500,,,,1.2900978273891831e-5,
1501,,,,1.2879855844827262e-5,
1502,,,,1.2857982187413077e-5,
1503,,,,1.283557988720153e-5,
1504,,,,1.2812864630989256e-5,
1505,,,,1.279003218392206e-5,
1506,,,,1.2767246499496968e-5,
1507,,,,1.2744629685124425e-5,
1508,,,,1.2722254450147302e-5,
1509,,,,1.270013953138401e-5,
1510,,,,1.2678248430267919e-5,
1511,,,,1.2656491613177115e-5,
1512,,,,1.2634732130893835e-5,
1513,,,,1.2612794413271841e-5,
1514,,,,1.2590475800875787e-5,
1515,,,,1.256756019717288e-5,
1516,,,,1.2543833074033751e-5,
1517,,,,1.251909695117731e-5,
1518,,,,1.249318640730557e-5,
1519,,,,1.2465981675503544e-5,
1520,,,,1.243741993308436e-5,
1521,,,,1.240750351681381e-5,
1522,,,,1.2376304473191408e-5,
1523,,,,1.2343965079324309e-5,
1524,,,,1.2310694226953797e-5,
1525,,,,1.2276759830789471e-5,
1526,,,,1.2242477681298524e-5,
1527,,,,1.2208197391085508e-5,
1528,,,,1.2174286265605581e-5,
1529,,,,1.2141112050605185e-5,
1530,,,,1.2109025563624185e-5,
1531,,,,1.2078344204356988e-5,
1532,,,,1.2049337263263394e-5,
1533,,,,1.2022213818342673e-5,
1534,,,,1.1997113837987824e-5,
1535,,,,1.1974102906225044e-5,
1536,,,,1.1953170768543353e-5,
1537,,,,1.193423367454588e-5,
1538,,,,1.1917140279555705e-5,
1539,,,,1.1901680671883288e-5,
1540,,,,1.1887597925571412e-5,
1541,,,,1.1874601448935625e-5,
1542,,,,1.186238131468966e-5,
1543,,,,1.1850622723645746e-5,
1544,,,,1.1839019774119533e-5,
1545,,,,1.1827287783129887e-5,
1546,,,,1.181517352919456e-5,
1547,,,,1.1802462951706396e-5,
1548,,,,1.1788986036315284e-5,
1549,,,,1.1774618824134557e-5,
1550,,,,1.1759282687913412e-5,
1551,,,,1.1742941203538839e-5,
1552,,,,1.1725595095117116e-5,
1553,,,,1.1707275834622343e-5,
1554,,,,1.168803852550389e-5,
1555,,,,1.1667954691808612e-5,
1556,,,,1.1647105533697809e-5,
1557,,,,1.1625576104900699e-5,
1558,,,,1.1603450729619513e-5,
1559,,,,1.1580809820181548e-5,
1560,,,,1.1557728097912758e-5,
1561,,,,1.1534274073535964e-5,
1562,,,,1.1510510523427904e-5,
1563,,,,1.148649561497748e-5,
1564,,,,1.1462284294933101e-5,
1565,,,,1.1437929561442772e-5,
1566,,,,1.1413483291261668e-5,
1567,,,,1.1388996381684548e-5,
1568,,,,1.1364518081754526e-5,
1569,,,,1.134009451612579e-5,
1570,,,,1.1315766533232238e-5,
1571,,,,1.1291567122961801e-5,
1572,,,,1.126751873535922e-5,
1573,,,,1.1243630881401201e-5,
1574,,,,1.1219898403842253e-5,
1575,,,,1.1196300769026735e-5,
1576,,,,1.1172802652220202e-5,
1577,,,,1.1149355976204896e-5,
1578,,,,1.1125903425685276e-5,
1579,,,,1.1102383310956033e-5,
1580,,,,1.107873550718057e-5,
1581,,,,1.1054908064647006e-5,
1582,,,,1.1030863983705518e-5,
1583,,,,1.1006587586807379e-5,
1584,,,,1.0982089906983685e-5,
1585,,,,1.0957412550885308e-5,
1586,,,,1.0932629584074297e-5,
1587,,,,1.0907847120643749e-5,
1588,,,,1.0883200467985501e-5,
1589,,,,1.0858848866591604e-5,
1590,,,,1.0834968057942535e-5,
1591,,,,1.0811741094035615e-5,
1592,,,,1.0789347954324433e-5,
1593,,,,1.0767954646804376e-5,
1594,,,,1.0747702530475174e-5,
1595,,,,1.072869860158997e-5,
1596,,,,1.0711007435592243e-5,
1597,,,,1.0694645374259077e-5,
1598,,,,1.0679577400739387e-5,
1599,,,,1.0665716964256506e-5,
1600,,,,1.0652928813824706e-5,
1601,,,,1.0641034690557684e-5,
1602,,,,1.0629821526052628e-5,
1603,,,,1.0619051615061859e-5,
1604,,,,1.0608474088545659e-5,
1605,,,,1.0597836920620051e-5,
1606,,,,1.0586898669036595e-5,
1607,,,,1.0575439178335088e-5,
1608,,,,1.0563268566862909e-5,
1609,,,,1.0550233966594902e-5,
1610,,,,1.0536223675420566e-5,
1611,,,,1.052116859777294e-5,
1612,,,,1.0505041070577281e-5,
1613,,,,1.04878513761507e-5,
1614,,,,1.0469642412251217e-5,
1615,,,,1.0450483106318752e-5,
1616,,,,1.0430461216181408e-5,
1617,,,,1.0409676149965852e-5,
1618,,,,1.0388232367385407e-5,
1619,,,,1.0366233802973794e-5,
1620,,,,1.0343779594177067e-5,
1621,,,,1.0320961221824702e-5,
1622,,,,1.0297860997104784e-5,
1623,,,,1.0274551676950638e-5,
1624,,,,1.0251096875445432e-5,
1625,,,,1.0227551875055555e-5,
1626,,,,1.020396443526106e-5,
1627,,,,1.0180375248037764e-5,
1628,,,,1.0156817793433248e-5,
1629,,,,1.013331749152343e-5,
1630,,,,1.0109890211424786e-5,
1631,,,,1.0086540362437003e-5,
1632,,,,1.0063258934422686e-5,
1633,,,,1.0040021953396615e-5,
1634,,,,1.0016789857341806e-5,
1635,,,,9.993508266166884e-6,
1636,,,,9.97011051602871e-6,
1637,,,,9.946522158164056e-6,
1638,,,,9.922667400600784e-6,
1639,,,,9.898477219785584e-6,
1640,,,,9.873898615889669e-6,
1641,,,,9.848904260689962e-6,
1642,,,,9.823501620197749e-6,
1643,,,,9.797740551049475e-6,
1644,,,,9.771718387690911e-6,
1645,,,,9.745581663515385e-6,
1646,,,,9.719523838033355e-6,
1647,,,,9.693778716314911e-6,
1648,,,,9.668609618446662e-6,
1649,,,,9.644294750673416e-6,
1650,,,,9.621109608674615e-6,
1651,,,,9.599307571232249e-6,
1652,,,,9.579100089013896e-6,
1653,,,,9.560638015772089e-6,
1654,,,,9.543995654051027e-6,
1655,,,,9.529158988815377e-6,
1656,,,,9.516019361762461e-6,
1657,,,,9.50437350420871e-6,
1658,,,,9.493930411290972e-6,
1659,,,,9.484325025849809e-6,
1660,,,,9.47513813658603e-6,
1661,,,,9.465921321936323e-6,
1662,,,,9.456225238837673e-6,
1663,,,,9.445629121910847e-6,
1664,,,,9.43376908286209e-6,
1665,,,,9.420362733797034e-6,
1666,,,,9.405227835256077e-6,
1667,,,,9.388293096022583e-6,
1668,,,,9.369599899659177e-6,
1669,,,,9.349294541921718e-6,
1670,,,,9.327611447780746e-6,
1671,,,,9.304848698349031e-6,
1672,,,,9.281337941373125e-6,
1673,,,,9.257411306574353e-6,
1674,,,,9.233368248984474e-6,
1675,,,,9.209445280228503e-6,
1676,,,,9.18579132787113e-6,
1677,,,,9.162451015304412e-6,
1678,,,,9.139357520135389e-6,
1679,,,,9.116335894189269e-6,
1680,,,,9.093116862540462e-6,
1681,,,,9.06936021587699e-6,
1682,,,,9.044686030682386e-6,
1683,,,,9.01871116565674e-6,
1684,,,,8.991087869565567e-6,
1685,,,,8.961540975942915e-6,
1686,,,,8.929900123025846e-6,
1687,,,,8.896123764290972e-6,
1688,,,,8.860312423932557e-6,
1689,,,,8.822709648084877e-6,
1690,,,,8.783690301476837e-6,
1691,,,,8.743737118899946e-6,
1692,,,,8.7034075869492e-6,
1693,,,,8.663294164187873e-6,
1694,,,,8.623981445872962e-6,
1695,,,,8.58600409376436e-6,
1696,,,,8.549809187202991e-6,
1697,,,,8.515726157292785e-6,
1698,,,,8.483946717654173e-6,
1699,,,,8.454516288893662e-6,
1700,,,,8.427337412937707e-6,
1701,,,,8.402184642274028e-6,
1702,,,,8.37872943425796e-6,
1703,,,,8.356572744061414e-6,
1704,,,,8.335282352899442e-6,
1705,,,,8.314431550890477e-6,
1706,,,,8.293635668726466e-6,
1707,,,,8.272583152983337e-6,
1708,,,,8.25105840883876e-6,
1709,,,,8.22895445301301e-6,
1710,,,,8.206274448414431e-6,
1711,,,,8.183122315599351e-6,
1712,,,,8.159683703002502e-6,
1713,,,,8.13619952103564e-6,
1714,,,,8.112934903477557e-6,
1715,,,,8.090146792456644e-6,
1716,,,,8.068053335814397e-6,
1717,,,,8.046807964266656e-6,
1718,,,,8.026480437751349e-6,
1719,,,,8.007046390404864e-6,
1720,,,,7.988386042512056e-6,
1721,,,,7.97029186477467e-6,
1722,,,,7.952484149613974e-6,
1723,,,,7.934632734238179e-6,
1724,,,,7.916382592018134e-6,
1725,,,,7.897380713056748e-6,
1726,,,,7.87730166582176e-6,
1727,,,,7.855869478922875e-6,
1728,,,,7.832873983680355e-6,
1729,,,,7.808180458020154e-6,
1730,,,,7.781732224203952e-6,
1731,,,,7.75354667163137e-6,
1732,,,,7.72370589340226e-6,
1733,,,,7.692343648710486e-6,
1734,,,,7.659630630115791e-6,
1735,,,,7.6257600024626726e-6,
1736,,,,7.590934906735065e-6,
1737,,,,7.555359140791756e-6,
1738,,,,7.519231617908204e-6,
1739,,,,7.482744553820678e-6,
1740,,,,7.446084733852958e-6,
1741,,,,7.4094367430424666e-6,
1742,,,,7.372986763659327e-6,
1743,,,,7.336925489896861e-6,
1744,,,,7.301448883021408e-6,
1745,,,,7.266755866013123e-6,
1746,,,,7.233042581702761e-6,
1747,,,,7.200493439135004e-6,
1748,,,,7.169269765091671e-6,
1749,,,,7.1394973776230394e-6,
1750,,,,7.111254733867918e-6,
1751,,,,7.084563423802864e-6,
1752,,,,7.059382659748633e-6,
1753,,,,7.0356090523902216e-6,
1754,,,,7.013082400328713e-6,
1755,,,,6.99159751055721e-6,
1756,,,,6.9709212923579716e-6,
1757,,,,6.950813622868845e-6,
1758,,,,6.93104987071485e-6,
1759,,,,6.911442579488905e-6,
1760,,,,6.891859728283516e-6,
1761,,,,6.872237237678638e-6,
1762,,,,6.85258396439931e-6,
1763,,,,6.83297826330397e-6,
1764,,,,6.813556185225923e-6,
1765,,,,6.794492391200814e-6,
1766,,,,6.775975762447989e-6,
1767,,,,6.758182355546865e-6,
1768,,,,6.741248714517258e-6,
1769,,,,6.725248570821802e-6,
1770,,,,6.710175645301865e-6,
1771,,,,6.695934652800829e-6,
1772,,,,6.682341764199152e-6,
1773,,,,6.669134781027519e-6,
1774,,,,6.65599221607164e-6,
1775,,,,6.64255945178967e-6,
1776,,,,6.628479278211481e-6,
1777,,,,6.613423506281082e-6,
1778,,,,6.59712211147558e-6,
1779,,,,6.579386552585226e-6,
1780,,,,6.5601245433813095e-6,
1781,,,,6.539344572744985e-6,
1782,,,,6.517149744382003e-6,
1783,,,,6.493721861141381e-6,
1784,,,,6.469297911899614e-6,
1785,,,,6.444142050120613e-6,
1786,,,,6.418516653847275e-6,
1787,,,,6.392656070482204e-6,
1788,,,,6.3667461945973006e-6,
1789,,,,6.340912184207866e-6,
1790,,,,6.315215513828524e-6,
1791,,,,6.289660335649791e-6,
1792,,,,6.264207921569474e-6,
1793,,,,6.238796928216771e-6,
1794,,,,6.213366485946518e-6,
1795,,,,6.187878754420022e-6,
1796,,,,6.162337665574357e-6,
1797,,,,6.136801091960443e-6,
1798,,,,6.1113845781466276e-6,
1799,,,,6.0862559411527774e-6,
1800,,,,6.061621324395213e-6,
1801,,,,6.037704499680848e-6,
1802,,,,6.014722183625632e-6,
1803,,,,5.992858734906601e-6,
1804,,,,5.972243748091869e-6,
1805,,,,5.952935740899992e-6,
1806,,,,5.934914384693835e-6,
1807,,,,5.918082640762721e-6,
1808,,,,5.90227886239942e-6,
1809,,,,5.887297557076497e-6,
1810,,,,5.87291624375413e-6,
1811,,,,5.858924860948417e-6,
1812,,,,5.845153638221053e-6,
1813,,,,5.83149534940285e-6,
1814,,,,5.817918459424713e-6,
1815,,,,5.804468804905353e-6,
